{
    "animation": [
        {
            "name": "Root",
            "time": [0.0, 0.0333, 0.0667, 0.1, 0.1333, 0.1667, 0.2, 0.2333],
            "transform": [
                [0.658309, -0.098349, -0.746295, -0.035286, -0.746005, -0.217633, -0.629374, -0.014989, -0.100519, 0.971064, -0.216639, 0.422755, 0.0, 0.0, 0.0, 1.0],
                [0.318388, -0.14909, -0.936163, -0.032791, -0.947756, -0.0705, -0.311104, 0.020549, -0.019617, 0.986308, -0.163747, 0.38235, 0.0, 0.0, 0.0, 1.0],
                [0.14346, -0.137358, -0.980078, -0.030296, -0.988924, 0.018167, -0.147301, 0.056086, 0.038038, 0.990356, -0.13323, 0.341945, 0.0, 0.0, 0.0, 1.0],
                [0.101363, -0.136597, -0.985427, -0.030111, -0.993617, 0.035377, -0.10711, 0.055493, 0.049492, 0.989996, -0.132139, 0.350445, 0.0, 0.0, 0.0, 1.0],
                [0.108799, -0.138757, -0.984332, -0.029927, -0.99284, 0.033934, -0.114523, 0.0549, 0.049293, 0.989746, -0.134072, 0.358945, 0.0, 0.0, 0.0, 1.0],
                [0.135391, -0.140196, -0.980823, -0.029742, -0.989825, 0.024583, -0.140147, 0.054307, 0.04376, 0.989819, -0.135441, 0.367445, 0.0, 0.0, 0.0, 1.0],
                [0.159097, -0.140725, -0.977182, -0.031209, -0.986573, 0.014329, -0.16269, 0.052763, 0.036897, 0.989945, -0.136556, 0.372837, 0.0, 0.0, 0.0, 1.0],
                [0.162857, -0.136065, -0.977222, -0.032675, -0.986067, 0.011582, -0.165944, 0.051219, 0.033897, 0.990633, -0.132283, 0.378229, 0.0, 0.0, 0.0, 1.0]
            ]
        },
        {
            "name": "Thigh_R",
            "time": [0.0, 0.0667, 0.2333],
            "transform": [
                [0.901741, -0.179987, -0.393026, 0.092285, 0.18349, -0.663855, 0.725002, 0.078102, -0.391404, -0.72588, -0.565599, 0.01703, 0.0, 0.0, 0.0, 1.0],
                [0.79156, -0.378991, -0.479375, 0.092285, 0.259723, -0.501434, 0.825293, 0.078102, -0.553154, -0.777773, -0.298482, 0.01703, 0.0, 0.0, 0.0, 1.0],
                [0.79156, -0.378991, -0.479375, 0.092285, 0.259723, -0.501434, 0.825293, 0.078102, -0.553154, -0.777773, -0.298482, 0.01703, 0.0, 0.0, 0.0, 1.0]
            ]
        },
        {
            "name": "Leg_R",
            "time": [0.0, 0.0333, 0.0667, 0.2333],
            "transform": [
                [0.999995, -0.001954, 0.000101, 0.0, 0.000779, 0.444847, 0.895609, 0.37472, -0.001794, -0.895605, 0.444849, 0.0, 0.0, 0.0, 0.0, 1.0],
                [0.999995, -0.001908, -0.000431, 0.0, 0.000602, 0.09058, 0.995891, 0.37472, -0.001861, -0.995888, 0.090581, -0.0, 0.0, 0.0, 0.0, 1.0],
                [0.999996, -0.001918, -0.000379, -0.0, 0.000533, 0.080828, 0.99673, 0.37472, -0.001881, -0.996727, 0.080829, -0.0, 0.0, 0.0, 0.0, 1.0],
                [0.999996, -0.001925, -0.000344, -0.0, 0.00055, 0.107957, 0.994157, 0.37472, -0.001877, -0.994155, 0.107958, 0.0, 0.0, 0.0, 0.0, 1.0]
            ]
        },
        {
            "name": "Knee_R",
            "time": [0.0, 0.2333],
            "transform": [
                [1.0, 0.0, -0.0, 0.0, -0.0, 1e-06, -1.0, 0.37472, -0.0, 1.0, 1e-06, 0.0, 0.0, 0.0, 0.0, 1.0],
                [1.0, 0.0, -0.0, -0.0, -0.0, 1e-06, -1.0, 0.37472, -0.0, 1.0, 1e-06, 0.0, 0.0, 0.0, 0.0, 1.0]
            ]
        },
        {
            "name": "Thigh_L",
            "time": [0.0, 0.0667, 0.1, 0.2333],
            "transform": [
                [0.732011, -0.313955, -0.604641, -0.162914, -0.27866, -0.947836, 0.15479, 0.057139, -0.621695, 0.055182, -0.781312, 0.004762, 0.0, 0.0, 0.0, 1.0],
                [0.176581, -0.272611, -0.945782, -0.109992, -0.597878, -0.793011, 0.116949, 0.075553, -0.781896, 0.544812, -0.303019, 0.039585, 0.0, 0.0, 0.0, 1.0],
                [0.130455, -0.40108, -0.906707, -0.102417, -0.531116, -0.800505, 0.277685, 0.089889, -0.837197, 0.445341, -0.31745, 0.070116, 0.0, 0.0, 0.0, 1.0],
                [0.307531, -0.426733, -0.850486, -0.101349, -0.535799, -0.816293, 0.215836, 0.062121, -0.78635, 0.389312, -0.479679, 0.044552, 0.0, 0.0, 0.0, 1.0]
            ]
        },
        {
            "name": "Leg_L",
            "time": [0.0, 0.2, 0.2333],
            "transform": [
                [0.999998, 0.001852, 0.000617, 0.0, -0.000718, 0.055192, 0.998476, 0.37472, 0.001816, -0.998474, 0.055193, -0.0, 0.0, 0.0, 0.0, 1.0],
                [0.999998, 0.001916, 0.00038, 0.0, -0.000631, 0.132536, 0.991178, 0.37472, 0.001848, -0.991176, 0.132537, -0.0, 0.0, 0.0, 0.0, 1.0],
                [0.999998, 0.001907, 0.000418, -0.0, -0.000646, 0.121222, 0.992626, 0.37472, 0.001842, -0.992624, 0.121223, -0.0, 0.0, 0.0, 0.0, 1.0]
            ]
        },
        {
            "name": "Knee_L",
            "time": [0.0, 0.2333],
            "transform": [
                [1.0, 0.0, -0.0, 0.0, -0.0, 1e-06, -1.0, 0.37472, -0.0, 1.0, 1e-06, -0.0, 0.0, 0.0, 0.0, 1.0],
                [1.0, 0.0, -0.0, -0.0, -0.0, 1e-06, -1.0, 0.37472, -0.0, 1.0, 1e-06, -0.0, 0.0, 0.0, 0.0, 1.0]
            ]
        },
        {
            "name": "Torso",
            "time": [0.0, 0.1, 0.1333, 0.1667, 0.2, 0.2333],
            "transform": [
                [0.950503, -0.310217, 0.017578, 0.0, 0.267032, 0.844491, 0.464251, 0.05, -0.158863, -0.436578, 0.885529, -0.0, 0.0, 0.0, 0.0, 1.0],
                [0.783021, -0.532094, 0.322109, 0.0, 0.406631, 0.829785, 0.38224, 0.05, -0.470669, -0.168322, 0.866105, 0.0, 0.0, 0.0, 0.0, 1.0],
                [0.797254, -0.532109, 0.285036, 0.0, 0.412993, 0.825198, 0.385338, 0.05, -0.440252, -0.189494, 0.87765, 0.0, 0.0, 0.0, 0.0, 1.0],
                [0.804012, -0.52807, 0.273326, -0.0, 0.406359, 0.823552, 0.39577, 0.05, -0.434093, -0.207135, 0.876731, 0.0, 0.0, 0.0, 0.0, 1.0],
                [0.80321, -0.519419, 0.291646, -0.0, 0.38779, 0.827567, 0.405897, 0.05, -0.452188, -0.212923, 0.866135, 0.0, 0.0, 0.0, 0.0, 1.0],
                [0.796805, -0.507697, 0.327635, -0.0, 0.365792, 0.836883, 0.407214, 0.05, -0.480933, -0.204624, 0.852545, -0.0, 0.0, 0.0, 0.0, 1.0]
            ]
        },
        {
            "name": "Chest",
            "time": [0.0, 0.1, 0.1667, 0.2, 0.2333],
            "transform": [
                [0.85083, 0.309501, 0.424615, 0.0, -0.110957, 0.895718, -0.430555, 0.3, -0.513592, 0.319215, 0.796445, 0.0, 0.0, 0.0, 0.0, 1.0],
                [0.707283, 0.376209, 0.598513, -0.0, -0.066685, 0.878366, -0.473314, 0.3, -0.703778, 0.294855, 0.646341, 0.0, 0.0, 0.0, 0.0, 1.0],
                [0.589218, 0.416228, 0.692514, -0.0, -0.030928, 0.86809, -0.495442, 0.3, -0.807382, 0.270506, 0.524368, -0.0, 0.0, 0.0, 0.0, 1.0],
                [0.598486, 0.409704, 0.688445, 0.0, -0.038326, 0.872997, -0.486216, 0.3, -0.800216, 0.264608, 0.538179, 0.0, 0.0, 0.0, 0.0, 1.0],
                [0.627092, 0.387114, 0.675943, -0.0, -0.033652, 0.880421, -0.472998, 0.3, -0.778218, 0.273866, 0.565131, -0.0, 0.0, 0.0, 0.0, 1.0]
            ]
        },
        {
            "name": "Head",
            "time": [0.0, 0.1333, 0.1667, 0.2, 0.2333],
            "transform": [
                [0.953675, -0.143479, 0.264417, -0.0, 0.016257, 0.902233, 0.430941, 0.4, -0.300397, -0.406679, 0.862771, 0.0, 0.0, 0.0, 0.0, 1.0],
                [0.969785, 0.020274, 0.243113, -0.0, -0.087809, 0.958759, 0.270317, 0.4, -0.227606, -0.283497, 0.931571, -0.0, 0.0, 0.0, 0.0, 1.0],
                [0.985535, 0.007157, 0.169314, -0.0, -0.055422, 0.957779, 0.28211, 0.4, -0.160146, -0.287413, 0.944324, 0.0, 0.0, 0.0, 0.0, 1.0],
                [0.989436, 0.002079, 0.144948, 0.0, -0.044376, 0.956239, 0.289198, 0.4, -0.138004, -0.292575, 0.946233, 0.0, 0.0, 0.0, 0.0, 1.0],
                [0.99049, 0.000376, 0.137582, 0.0, -0.040541, 0.956395, 0.289248, 0.4, -0.131474, -0.292075, 0.947316, 0.0, 0.0, 0.0, 0.0, 1.0]
            ]
        },
        {
            "name": "Shoulder_R",
            "time": [0.0, 0.0333, 0.0667, 0.1, 0.1333, 0.1667, 0.2333],